AminoAcid/Position,1,2,3,4,5,6,7,8,9,10
A,0.0,0.0,0.00379,0.0,0.0,0.0,0.0795,0.22,0.00379,0.00379
C,0.00758,0.0,0.0,0.0,0.0,0.0,0.0,0.0,0.0,0.0303
D,0.0,0.00379,0.0,0.0,0.167,0.121,0.0,0.0682,0.0,0.0
E,0.0,0.0,0.0,0.0,0.0,0.0114,0.0,0.0,0.0,0.0
F,0.0,0.758,0.0,0.765,0.0,0.0,0.00758,0.0,0.0,0.0
G,0.985,0.0871,0.0,0.0,0.0152,0.0455,0.0114,0.144,0.0,0.0833
H,0.0,0.0,0.0,0.0,0.0,0.0,0.00758,0.0,0.0,0.0
I,0.0,0.0,0.0,0.0606,0.00758,0.0,0.0,0.0,0.0,0.0
L,0.0,0.0,0.0,0.125,0.0,0.0,0.0152,0.00379,0.0,0.0
M,0.0,0.0,0.0,0.0,0.0,0.0,0.0,0.0,0.0833,0.0
N,0.0,0.0,0.0,0.0,0.0,0.0795,0.0492,0.0,0.0,0.0
P,0.0,0.0,0.00758,0.0,0.0,0.0,0.0,0.0,0.0,0.0
R,0.00379,0.0,0.0,0.0,0.0,0.0,0.0114,0.053,0.0,0.0
S,0.0,0.0,0.288,0.0,0.61,0.602,0.144,0.163,0.0,0.0
T,0.0,0.0,0.701,0.0,0.201,0.0606,0.0,0.0568,0.0,0.0
V,0.00379,0.00758,0.0,0.0492,0.0,0.0682,0.0,0.00379,0.0303,0.0
W,0.0,0.0,0.0,0.0,0.0,0.0,0.0,0.163,0.0,0.0
Y,0.0,0.144,0.0,0.0,0.0,0.0114,0.674,0.125,0.0265,0.0265
