S.obs	S.chao1	se.chao1	S.ACE	se.ACE	S.jack1	S.jack2
158	397.076923076923	66.4255723140775	430.978603048695	11.8442787952689	270	357
