S.obs	S.chao1	se.chao1	S.ACE	se.ACE	S.jack1	S.jack2
160	322.028571428571	43.3737649548303	351.658733356059	9.52915955997639	267	340
