AminoAcid/Position,1,2,3,4,5,6,7,8,9,10
A,0.0,0.0,0.0,0.0,0.0,0.0,0.0856,0.214,0.00389,0.00389
C,0.00389,0.0,0.0,0.0,0.0,0.0,0.0,0.00389,0.0,0.0272
D,0.0,0.00389,0.0,0.0,0.136,0.117,0.0,0.109,0.0,0.0
E,0.0,0.0,0.0,0.0,0.0,0.00778,0.0,0.0,0.0,0.0
F,0.0,0.7,0.0,0.813,0.0,0.0,0.0,0.0,0.0,0.0
G,0.992,0.0934,0.0,0.0,0.0233,0.0467,0.035,0.148,0.0,0.0584
H,0.0,0.0,0.0,0.0,0.0,0.0,0.0233,0.0,0.0,0.0
I,0.0,0.0,0.0,0.07,0.0,0.0,0.0,0.0,0.0,0.0
L,0.0,0.00389,0.0,0.0973,0.0,0.0,0.00778,0.0,0.0,0.0
M,0.0,0.0,0.0,0.0,0.0,0.0,0.0,0.0,0.0739,0.0
N,0.0,0.0,0.0,0.0,0.0,0.0856,0.0195,0.00778,0.0,0.0
P,0.0,0.0,0.0117,0.0,0.0,0.0,0.0,0.0,0.0,0.0
R,0.0,0.0,0.0,0.0,0.0,0.0,0.00778,0.0467,0.0,0.0
S,0.0,0.0,0.276,0.0,0.603,0.634,0.101,0.132,0.0,0.0
T,0.0,0.0,0.712,0.0,0.237,0.0389,0.0,0.0311,0.0,0.0
V,0.00389,0.0117,0.0,0.0195,0.0,0.0623,0.0,0.0,0.0117,0.0
W,0.0,0.0,0.0,0.0,0.0,0.0,0.0,0.195,0.00778,0.0
Y,0.0,0.187,0.0,0.0,0.0,0.00778,0.72,0.113,0.035,0.035
