vert,total=299.0
x,y,raw
0,85.618729097,256
1,12.7090301003,38
2,1.00334448161,3
4,0.66889632107,2
