vert,total=299.0
x,y,raw
0.0,95.652173913,286
NaN,4.34782608696,13
