vert,total=700.0
x,y,raw
Out-of-frame,57.1428571429,400
In-frame,42.8571428571,300
