vert,total=299.0
x,y,raw
0,59.8662207358,179
1,27.7591973244,83
2,8.02675585284,24
3,1.67224080268,5
4,1.33779264214,4
7,1.33779264214,4
