vert,total=299.0
x,y,raw
0,68.5618729097,205
1,21.4046822742,64
2,3.34448160535,10
4,3.01003344482,9
3,2.00668896321,6
5,1.67224080268,5
