vert,total=299.0
x,y,raw
0,99.3311036789,297
3,0.66889632107,2
