vert,total=299.0
x,y,raw
0.0,90.3010033445,270
NaN,9.03010033445,27
1.0,0.66889632107,2
