vert,total=299.0
x,y,raw
0,87.9598662207,263
1,11.0367892977,33
2,1.00334448161,3
