vert,total=299.0
x,y,raw
0,87.2909698997,261
1,12.0401337793,36
2,0.66889632107,2
