vert,total=299.0
x,y,raw
0,83.9464882943,251
1,14.381270903,43
2,1.33779264214,4
3,0.334448160535,1
