vert,total=299.0
x,y,raw
0,83.2775919732,249
1,14.7157190635,44
2,1.33779264214,4
3,0.66889632107,2
