vert,total=300.0
x,y,raw
No,99.6666666667,299
Yes,0.333333333333,1
