vert,total=299.0
x,y,raw
0.0,83.2775919732,249
1.0,8.69565217391,26
NaN,4.34782608696,13
2.0,3.34448160535,10
3.0,0.334448160535,1
