vert,total=299.0
x,y,raw
0.0,90.9698996656,272
NaN,9.03010033445,27
