vert,total=700.0
x,y,raw
IGHJ1,25.5714285714,179
IGHJ2,23.1428571429,162
IGHJ5,17.0,119
IGHJ4,14.4285714286,101
IGHJ6,13.0,91
IGHJ3,6.85714285714,48
