AminoAcid/Position,1,2,3,4,5,6,7,8,9,10
A,0.0,0.0,0.00402,0.0,0.0,0.0,0.0482,0.213,0.0161,0.0161
C,0.00402,0.0,0.0,0.0,0.0,0.0,0.0,0.00402,0.0,0.0402
D,0.0,0.0161,0.0,0.0,0.153,0.12,0.0,0.12,0.0,0.0
E,0.0,0.0,0.0,0.0,0.0,0.012,0.0,0.0,0.0,0.0
F,0.0,0.759,0.0,0.775,0.0,0.0,0.0,0.0,0.0,0.0
G,0.992,0.0763,0.0,0.0,0.012,0.0402,0.0281,0.145,0.0,0.0321
H,0.0,0.0,0.0,0.0,0.0,0.0,0.0161,0.0,0.0,0.0
I,0.0,0.0,0.0,0.0643,0.00803,0.0,0.0,0.0,0.0,0.0
L,0.0,0.00402,0.0,0.0884,0.0,0.0,0.012,0.0,0.0,0.0
M,0.0,0.0,0.0,0.0,0.0,0.0,0.0,0.0,0.0562,0.0
N,0.0,0.0,0.0,0.0,0.0,0.0482,0.0723,0.00803,0.0,0.0
P,0.0,0.0,0.00803,0.0,0.0,0.0,0.0,0.0,0.0,0.0
R,0.0,0.0,0.0,0.0,0.0,0.0,0.0161,0.0161,0.0,0.0
S,0.0,0.0,0.221,0.0,0.663,0.643,0.12,0.157,0.0,0.0
T,0.0,0.0,0.767,0.0,0.161,0.0562,0.0,0.0602,0.0,0.0
V,0.00402,0.00803,0.0,0.0723,0.0,0.0643,0.0,0.0,0.0161,0.0
W,0.0,0.0,0.0,0.0,0.0,0.0,0.0,0.129,0.00803,0.0
Y,0.0,0.137,0.0,0.0,0.00402,0.0161,0.687,0.149,0.0361,0.0361
