AminoAcid/Position,1,2,3,4,5,6,7,8,9,10
A,0.0,0.0,0.0195,0.0739,0.0506,0.0,0.0,0.0311,0.0156,0.0
C,0.0,0.0,0.0,0.00389,0.00389,0.0,0.0,0.0,0.0,0.0
D,0.0,0.035,0.0,0.156,0.191,0.156,0.0856,0.0,0.0,0.0
E,0.0,0.0,0.0,0.00778,0.0,0.0467,0.0311,0.0,0.0,0.0
F,0.0117,0.0467,0.0,0.00778,0.0195,0.0,0.0,0.0,0.0,0.0
G,0.0,0.0778,0.0195,0.16,0.37,0.339,0.0739,0.0545,0.0,0.0
H,0.0,0.0,0.0117,0.0,0.0,0.0,0.0,0.0,0.0,0.0
I,0.914,0.0195,0.0,0.0233,0.0,0.0,0.0,0.198,0.0,0.0
K,0.0,0.0545,0.0,0.0934,0.0,0.00389,0.0739,0.0545,0.0,0.0
L,0.00389,0.0,0.0,0.0,0.0,0.0,0.0,0.0,0.0,0.0
M,0.0389,0.0,0.0,0.0,0.0,0.0,0.0,0.0,0.0,0.0
N,0.0,0.132,0.0233,0.237,0.0272,0.0389,0.144,0.0,0.00389,0.0
P,0.0,0.0,0.198,0.0,0.0,0.0,0.0,0.0,0.0,0.0
Q,0.0,0.0,0.0156,0.0,0.0,0.0,0.0,0.0,0.0,0.0
R,0.0,0.0545,0.0,0.00389,0.0,0.0,0.0,0.0,0.0,0.0
S,0.00389,0.311,0.311,0.214,0.3,0.401,0.253,0.0,0.0,0.0
T,0.0272,0.00778,0.0856,0.00389,0.0389,0.0,0.237,0.358,0.0778,0.0934
V,0.0,0.0389,0.0389,0.0,0.0,0.0,0.0233,0.0,0.0,0.0
W,0.0,0.0156,0.175,0.0,0.0,0.0,0.00389,0.0,0.0,0.0
Y,0.0,0.206,0.101,0.0156,0.0,0.0156,0.0739,0.0428,0.0,0.0
