vert,total=308.0
x,y,raw
0,83.4415584416,257
1,14.9350649351,46
2,0.974025974026,3
3,0.324675324675,1
4,0.324675324675,1
