vert,total=308.0
x,y,raw
0,86.3636363636,266
1,12.3376623377,38
2,1.2987012987,4
