vert,total=308.0
x,y,raw
0,87.012987013,268
1,11.6883116883,36
2,1.2987012987,4
