vert,total=390.0
x,y,raw
0,70.0,273
1,24.8717948718,97
2,4.87179487179,19
3,0.25641025641,1
