vert,total=390.0
x,y,raw
0,86.9230769231,339
1,12.0512820513,47
2,1.02564102564,4
