vert,total=390.0
x,y,raw
0,82.3076923077,321
1,15.641025641,61
2,2.05128205128,8
