vert,total=390.0
x,y,raw
1,42.3076923077,165
0,29.4871794872,115
2,23.0769230769,90
3,4.87179487179,19
4,0.25641025641,1
