vert,total=390.0
x,y,raw
0,67.4358974359,263
1,24.8717948718,97
2,7.17948717949,28
3,0.512820512821,2
