vert,total=308.0
x,y,raw
0,87.987012987,271
1,11.3636363636,35
2,0.649350649351,2
