vert,total=308.0
x,y,raw
0.0,82.7922077922,255
1.0,8.76623376623,27
NaN,4.22077922078,13
2.0,3.8961038961,12
3.0,0.324675324675,1
