vert,total=308.0
x,y,raw
0.0,89.9350649351,277
NaN,9.09090909091,28
1.0,0.974025974026,3
