vert,total=308.0
x,y,raw
0,61.6883116883,190
1,29.2207792208,90
2,4.22077922078,13
3,2.5974025974,8
4,2.27272727273,7
