vert,total=308.0
x,y,raw
0,98.7012987013,304
3,1.2987012987,4
