vert,total=390.0
x,y,raw
0.0,95.1282051282,371
NaN,3.58974358974,14
1.0,1.28205128205,5
