vert,total=700.0
x,y,raw
Out-of-frame,55.7142857143,390
In-frame,44.2857142857,310
