vert,total=310.0
x,y,raw
No,99.3548387097,308
Yes,0.645161290323,2
