vert,total=308.0
x,y,raw
0.0,95.7792207792,295
NaN,4.22077922078,13
