vert,total=308.0
x,y,raw
0,55.8441558442,172
1,32.4675324675,100
2,6.49350649351,20
3,1.94805194805,6
4,1.94805194805,6
5,0.649350649351,2
7,0.649350649351,2
