vert,total=308.0
x,y,raw
0.0,90.9090909091,280
NaN,9.09090909091,28
