vert,total=308.0
x,y,raw
0,86.038961039,265
1,12.012987013,37
4,1.2987012987,4
2,0.649350649351,2
