vert,total=700.0
x,y,raw
IGHJ1,25.5714285714,179
IGHJ2,21.8571428571,153
IGHJ5,16.5714285714,116
IGHJ6,13.4285714286,94
IGHJ4,13.4285714286,94
IGHJ3,9.14285714286,64
