AminoAcid/Position,1,2,3,4,5,6,7,8,9,10
A,0.0,0.0,0.0114,0.0455,0.0455,0.0,0.0,0.0152,0.0227,0.0
C,0.0,0.0,0.0,0.0227,0.00758,0.0,0.0,0.0,0.0,0.0
D,0.0,0.0417,0.0,0.182,0.208,0.133,0.072,0.0,0.0,0.0
E,0.0,0.0,0.0,0.0114,0.0,0.053,0.0568,0.0,0.0,0.0
F,0.0152,0.053,0.0,0.00379,0.00758,0.0,0.0,0.0,0.0,0.0
G,0.0,0.0455,0.0265,0.17,0.375,0.33,0.0492,0.0417,0.0,0.0
H,0.0,0.0,0.0152,0.0,0.0,0.0,0.0,0.0,0.0,0.0
I,0.939,0.00758,0.0,0.00758,0.0,0.0,0.00379,0.223,0.0,0.0
K,0.0,0.0568,0.0,0.072,0.0,0.00379,0.0985,0.0758,0.0,0.0
M,0.0227,0.0,0.0,0.0,0.0,0.0,0.0,0.0,0.0,0.0
N,0.0,0.0871,0.00758,0.242,0.0227,0.0303,0.136,0.0,0.00379,0.0
P,0.0,0.0,0.152,0.0,0.0,0.0,0.0,0.0,0.0,0.0
Q,0.0,0.0,0.0303,0.0,0.0,0.0,0.0,0.0,0.0,0.0
R,0.0,0.0455,0.00379,0.00379,0.0,0.0,0.0,0.0,0.0,0.0
S,0.00379,0.356,0.33,0.231,0.303,0.436,0.25,0.0,0.0,0.0
T,0.0152,0.0114,0.0682,0.0,0.0265,0.0,0.235,0.326,0.0492,0.072
V,0.00379,0.0455,0.0455,0.0,0.00379,0.0,0.0189,0.0,0.0,0.0
W,0.0,0.0152,0.223,0.0,0.0,0.0,0.00379,0.0,0.0,0.0
Y,0.0,0.235,0.0871,0.00758,0.0,0.0152,0.0758,0.0341,0.0,0.0
