vert,total=316.0
x,y,raw
0.0,93.9873417722,297
NaN,6.01265822785,19
