vert,total=383.0
x,y,raw
0,80.6788511749,309
1,16.9712793734,65
2,2.3498694517,9
