vert,total=383.0
x,y,raw
1,44.908616188,172
0,28.9817232376,111
2,20.365535248,78
3,4.69973890339,18
4,1.04438642298,4
