vert,total=316.0
x,y,raw
0,85.1265822785,269
1,12.9746835443,41
2,0.949367088608,3
4,0.632911392405,2
5,0.316455696203,1
