vert,total=316.0
x,y,raw
0,84.4936708861,267
1,13.9240506329,44
2,1.26582278481,4
4,0.316455696203,1
