vert,total=316.0
x,y,raw
0,52.5316455696,166
1,32.9113924051,104
2,9.81012658228,31
4,2.21518987342,7
3,1.89873417722,6
5,0.632911392405,2
