vert,total=316.0
x,y,raw
0,66.7721518987,211
1,25.9493670886,82
2,3.16455696203,10
4,1.89873417722,6
3,1.58227848101,5
5,0.632911392405,2
