vert,total=316.0
x,y,raw
0,88.2911392405,279
1,10.1265822785,32
2,1.26582278481,4
3,0.316455696203,1
