vert,total=316.0
x,y,raw
0.0,93.3544303797,295
NaN,6.01265822785,19
1.0,0.632911392405,2
