vert,total=383.0
x,y,raw
0,73.1070496084,280
1,21.9321148825,84
2,4.96083550914,19
