vert,total=316.0
x,y,raw
0,97.4683544304,308
3,2.53164556962,8
