vert,total=383.0
x,y,raw
0.0,95.3002610966,365
NaN,4.17754569191,16
1.0,0.522193211488,2
