vert,total=316.0
x,y,raw
0.0,96.2025316456,304
NaN,3.79746835443,12
