vert,total=383.0
x,y,raw
0,88.2506527415,338
1,10.9660574413,42
2,0.783289817232,3
