vert,total=316.0
x,y,raw
0,88.9240506329,281
1,11.0759493671,35
