vert,total=317.0
x,y,raw
No,99.6845425868,316
Yes,0.315457413249,1
