vert,total=700.0
x,y,raw
Out-of-frame,54.7142857143,383
In-frame,45.2857142857,317
