vert,total=383.0
x,y,raw
0,70.7571801567,271
1,22.454308094,86
2,6.5274151436,25
3,0.261096605744,1
