vert,total=316.0
x,y,raw
0.0,79.4303797468,251
1.0,12.0253164557,38
2.0,4.74683544304,15
NaN,3.79746835443,12
