vert,total=316.0
x,y,raw
0,88.6075949367,280
1,10.4430379747,33
2,0.949367088608,3
