S.obs	S.chao1	se.chao1	S.ACE	se.ACE	S.jack1	S.jack2
152	403.217391304348	72.3512994757563	424.965128827586	13.68472433481	260	346
