vert,total=700.0
x,y,raw
IGHJ1,24.2857142857,170
IGHJ2,21.1428571429,148
IGHJ5,18.0,126
IGHJ4,15.8571428571,111
IGHJ6,12.5714285714,88
IGHJ3,8.14285714286,57
