AminoAcid/Position,1,2,3,4,5,6,7,8,9,10
A,0.0,0.0,0.0161,0.1,0.0442,0.0,0.0,0.00803,0.0281,0.0
C,0.0,0.00402,0.012,0.0241,0.0,0.0,0.0,0.0,0.0,0.0
D,0.0,0.0522,0.0,0.185,0.137,0.189,0.0281,0.0,0.0,0.0
E,0.0,0.0,0.0,0.012,0.0,0.0161,0.0361,0.0,0.0,0.0
F,0.0201,0.0161,0.0,0.0161,0.00402,0.0,0.0,0.0,0.0,0.0
G,0.0,0.1,0.0402,0.108,0.466,0.341,0.0442,0.0442,0.0,0.0
H,0.0,0.0,0.012,0.0,0.0,0.0,0.0,0.0,0.0,0.0
I,0.904,0.00803,0.0,0.00402,0.0,0.00402,0.0,0.205,0.0,0.0
K,0.0,0.0442,0.0,0.0884,0.0,0.0161,0.0602,0.0482,0.0,0.0
L,0.0,0.0,0.0,0.0,0.0,0.0,0.0,0.00402,0.0,0.0
M,0.0402,0.0,0.0,0.0,0.0,0.0,0.0,0.0,0.0,0.0
N,0.0,0.108,0.0161,0.189,0.0321,0.0442,0.124,0.0,0.0161,0.0
P,0.0,0.0,0.129,0.0,0.0,0.0,0.0,0.0,0.0,0.0
Q,0.0,0.0,0.012,0.0,0.0,0.0,0.0,0.0,0.0,0.0
R,0.0,0.0562,0.00402,0.0161,0.0,0.0,0.0,0.0,0.0,0.0
S,0.00402,0.349,0.321,0.245,0.277,0.378,0.305,0.0,0.0,0.0
T,0.0321,0.0161,0.108,0.0,0.0321,0.0,0.301,0.321,0.0602,0.0884
V,0.0,0.0201,0.0201,0.0,0.00803,0.0,0.0241,0.0,0.0,0.0
W,0.0,0.0201,0.201,0.0,0.0,0.0,0.0161,0.0,0.0,0.0
Y,0.0,0.205,0.108,0.012,0.0,0.012,0.0602,0.0602,0.0,0.0
